hour,timestamp,Tair_C,Tinternal_C,T100_C,T50_C,T25_C,T10_C,T5_C,T0_C,T5s_C,T10s_C,T25s_C,T50s_C,Site_Name
11/30/23 17:00,2023-11-30T22:59:00Z,1.74,7.6739999999999995,1.338,1.676,1.5,1.426,1.788,0.912,0.214,0.06,0.13,0.202,D2
11/30/23 18:00,2023-11-30T23:22:00Z,1.1666666666666667,4.555,0.7416666666666667,1.0425,0.9433333333333334,0.8191666666666666,1.085,0.42666666666666664,0.13583333333333333,0.06,0.13,0.26166666666666666,D2
11/30/23 19:00,2023-12-01T00:31:00Z,1.075,3.78375,1.3775,1.38375,1.3375,1.20375,1.275,0.77625,0.20375,0.06,0.1675,0.5325,D2
11/30/23 20:00,2023-12-01T01:30:00Z,0.3142857142857143,3.6357142857142857,0.22142857142857145,0.16857142857142857,0.19571428571428573,-0.13428571428571426,0.009999999999999993,-0.10857142857142857,0.045714285714285714,0.05142857142857143,0.22428571428571428,0.9128571428571428,D2
11/30/23 21:00,2023-12-01T02:30:00Z,-1.6125,2.01125,-1.11125,-1.32125,-1.3775,-1.7575,-1.65875,-0.9312499999999999,-0.0525,0.045,0.28,1.6412499999999999,D2
11/30/23 22:00,2023-12-01T03:30:00Z,-1.9714285714285715,0.5628571428571428,-1.3485714285714285,-1.5642857142857143,-1.6428571428571428,-2.057142857142857,-1.9542857142857144,-1.1257142857142857,-0.06,0.05142857142857143,0.34,2.242857142857143,D2
11/30/23 23:00,2023-12-01T04:29:22Z,-2.4625,-0.2425,-1.83,-2.0637499999999998,-2.13625,-2.5475,-2.3762499999999998,-1.37625,-0.06,0.06,0.4325,2.5949999999999998,D2
12/13/23 00:00,2023-12-13T05:31:00Z,-3.6714285714285713,-1.4657142857142857,NA,NA,NA,NA,NA,NA,NA,NA,NA,NA,D2
12/13/23 01:00,2023-12-13T06:30:45Z,-3.5375,-1.73,NA,NA,NA,NA,NA,NA,NA,NA,NA,NA,D2
12/13/23 02:00,2023-12-13T07:30:00Z,-4.171428571428572,-2.197142857142857,NA,NA,NA,NA,NA,NA,NA,NA,NA,NA,D2
12/13/23 03:00,2023-12-13T08:30:00Z,-3.6,-2.08625,NA,NA,NA,NA,NA,NA,NA,NA,NA,NA,D2
12/13/23 04:00,2023-12-13T09:30:00Z,-3.1714285714285713,-1.8057142857142856,NA,NA,NA,NA,NA,NA,NA,NA,NA,NA,D2
12/13/23 05:00,2023-12-13T10:30:00Z,-2.975,-1.4849999999999999,NA,NA,NA,NA,NA,NA,NA,NA,NA,NA,D2
12/13/23 06:00,2023-12-13T11:29:00Z,-3.4,-1.6614285714285715,NA,NA,NA,NA,NA,NA,NA,NA,NA,NA,D2
12/13/23 07:00,2023-12-13T12:29:00Z,-2.8875,-1.60125,NA,NA,NA,NA,NA,NA,NA,NA,NA,NA,D2
12/13/23 08:00,2023-12-13T13:29:00Z,-2.5428571428571427,-1.1157142857142857,NA,NA,NA,NA,NA,NA,NA,NA,NA,NA,D2
12/13/23 09:00,2023-12-13T14:29:00Z,-2.9875,-1.1975,NA,NA,NA,NA,NA,NA,NA,NA,NA,NA,D2
12/13/23 10:00,2023-12-13T15:28:42Z,-3.242857142857143,-1.3585714285714285,NA,NA,NA,NA,NA,NA,NA,NA,NA,NA,D2
12/13/23 11:00,2023-12-13T16:28:00Z,-3.4625,-1.5225,NA,NA,NA,NA,NA,NA,NA,NA,NA,NA,D2
12/13/23 12:00,2023-12-13T17:28:00Z,-3.757142857142857,-1.7242857142857142,NA,NA,NA,NA,NA,NA,NA,NA,NA,NA,D2
12/13/23 13:00,2023-12-13T18:28:00Z,-3.4875,-1.76,NA,NA,NA,NA,NA,NA,NA,NA,NA,NA,D2
12/13/23 14:00,2023-12-13T19:28:00Z,-2.4857142857142858,-0.7871428571428571,NA,NA,NA,NA,NA,NA,NA,NA,NA,NA,D2
12/13/23 15:00,2023-12-13T20:27:30Z,-2.125,0.33125,NA,NA,NA,NA,NA,NA,NA,NA,NA,NA,D2
12/13/23 16:00,2023-12-13T21:31:00Z,-2.9,0.03875,NA,NA,NA,NA,NA,NA,NA,NA,NA,NA,D2
12/13/23 17:00,2023-12-13T22:31:00Z,-2.9714285714285715,-0.0014285714285714299,NA,NA,NA,NA,NA,NA,NA,NA,NA,NA,D2
12/13/23 18:00,2023-12-13T23:31:00Z,-5.2,-1.2974999999999999,NA,NA,NA,NA,NA,NA,NA,NA,NA,NA,D2
12/13/23 19:00,2023-12-14T00:31:00Z,-4.385714285714285,-1.8057142857142856,NA,NA,NA,NA,NA,NA,NA,NA,NA,NA,D2
12/13/23 20:00,2023-12-14T01:30:37Z,-4.7125,-1.9849999999999999,NA,NA,NA,NA,NA,NA,NA,NA,NA,NA,D2
12/13/23 21:00,2023-12-14T02:30:00Z,-5.728571428571429,-2.8128571428571427,NA,NA,NA,NA,NA,NA,NA,NA,NA,NA,D2
12/13/23 22:00,2023-12-14T03:30:00Z,-6.1125,-3.525,NA,NA,NA,NA,NA,NA,NA,NA,NA,NA,D2
12/13/23 23:00,2023-12-14T04:30:00Z,-6.4714285714285715,-4.0285714285714285,NA,NA,NA,NA,NA,NA,NA,NA,NA,NA,D2
12/14/23 00:00,2023-12-14T05:29:22Z,-6.875,-4.46375,NA,NA,NA,NA,NA,NA,NA,NA,NA,NA,D2
12/14/23 01:00,2023-12-14T06:29:00Z,-7.785714285714286,-5.1,NA,NA,NA,NA,NA,NA,NA,NA,NA,NA,D2
12/14/23 02:00,2023-12-14T07:29:00Z,-8.325,-5.77375,NA,NA,NA,NA,NA,NA,NA,NA,NA,NA,D2
12/14/23 03:00,2023-12-14T08:28:25Z,-8.471428571428572,-6.252857142857143,NA,NA,NA,NA,NA,NA,NA,NA,NA,NA,D2
12/14/23 04:00,2023-12-14T09:28:00Z,-8.725,-6.5,NA,NA,NA,NA,NA,NA,NA,NA,NA,NA,D2
12/14/23 05:00,2023-12-14T10:28:00Z,-9.728571428571428,-6.902857142857143,NA,NA,NA,NA,NA,NA,NA,NA,NA,NA,D2
12/14/23 06:00,2023-12-14T11:27:15Z,-10.5375,-7.5875,NA,NA,NA,NA,NA,NA,NA,NA,NA,NA,D2
12/14/23 07:00,2023-12-14T12:31:00Z,-11,-8.23625,NA,NA,NA,NA,NA,NA,NA,NA,NA,NA,D2
12/14/23 08:00,2023-12-14T13:30:42Z,-11.371428571428572,-8.724285714285715,NA,NA,NA,NA,NA,NA,NA,NA,NA,NA,D2
12/14/23 09:00,2023-12-14T14:30:00Z,-11.5625,-9.08,NA,NA,NA,NA,NA,NA,NA,NA,NA,NA,D2
12/14/23 10:00,2023-12-14T15:30:00Z,-11.67142857142857,-9.358571428571429,NA,NA,NA,NA,NA,NA,NA,NA,NA,NA,D2
12/14/23 11:00,2023-12-14T16:29:07Z,-11.825000000000001,-9.61125,NA,NA,NA,NA,NA,NA,NA,NA,NA,NA,D2
12/14/23 12:00,2023-12-14T17:29:00Z,-11.814285714285715,-9.741428571428571,NA,NA,NA,NA,NA,NA,NA,NA,NA,NA,D2
12/14/23 13:00,2023-12-14T18:28:30Z,-11.5625,-9.55625,NA,NA,NA,NA,NA,NA,NA,NA,NA,NA,D2
12/14/23 14:00,2023-12-14T19:28:00Z,-10.371428571428572,-8.752857142857144,NA,NA,NA,NA,NA,NA,NA,NA,NA,NA,D2
12/14/23 15:00,2023-12-14T20:28:00Z,-8.4125,-6.5575,NA,NA,NA,NA,NA,NA,NA,NA,NA,NA,D2
12/14/23 16:00,2023-12-14T21:31:00Z,-6.5875,-4.1575,NA,NA,NA,NA,NA,NA,NA,NA,NA,NA,D2
12/14/23 17:00,2023-12-14T22:31:00Z,-4.942857142857143,-1.2714285714285714,NA,NA,NA,NA,NA,NA,NA,NA,NA,NA,D2
12/14/23 18:00,2023-12-14T23:31:00Z,-4.5,0.22,NA,NA,NA,NA,NA,NA,NA,NA,NA,NA,D2
12/14/23 19:00,2023-12-15T00:31:00Z,-4.914285714285715,-0.6442857142857142,NA,NA,NA,NA,NA,NA,NA,NA,NA,NA,D2
12/14/23 20:00,2023-12-15T01:30:22Z,-5.5625,-1.7425,NA,NA,NA,NA,NA,NA,NA,NA,NA,NA,D2
12/14/23 21:00,2023-12-15T02:30:00Z,-6.885714285714285,-3.2071428571428573,NA,NA,NA,NA,NA,NA,NA,NA,NA,NA,D2
12/14/23 22:00,2023-12-15T03:30:00Z,-7.05,-4.3775,NA,NA,NA,NA,NA,NA,NA,NA,NA,NA,D2
12/14/23 23:00,2023-12-15T04:30:00Z,-6.828571428571428,-4.867142857142857,NA,NA,NA,NA,NA,NA,NA,NA,NA,NA,D2
12/15/23 00:00,2023-12-15T05:29:00Z,-6.2125,-4.745,NA,NA,NA,NA,NA,NA,NA,NA,NA,NA,D2
12/15/23 01:00,2023-12-15T06:29:00Z,-5.6,-4.3742857142857146,NA,NA,NA,NA,NA,NA,NA,NA,NA,NA,D2
12/15/23 02:00,2023-12-15T07:29:00Z,-6.1125,-4.08625,NA,NA,NA,NA,NA,NA,NA,NA,NA,NA,D2
12/15/23 03:00,2023-12-15T08:28:17Z,-6.7,-4.547142857142857,NA,NA,NA,NA,NA,NA,NA,NA,NA,NA,D2
12/15/23 04:00,2023-12-15T09:28:00Z,-5.65,-4.54875,NA,NA,NA,NA,NA,NA,NA,NA,NA,NA,D2
12/15/23 05:00,2023-12-15T10:28:00Z,-3.9428571428571426,-3.7328571428571427,NA,NA,NA,NA,NA,NA,NA,NA,NA,NA,D2
12/15/23 06:00,2023-12-15T11:27:37Z,-3.1625,-2.7275,NA,NA,NA,NA,NA,NA,NA,NA,NA,NA,D2
12/15/23 07:00,2023-12-15T12:31:00Z,-2.9,-1.9537499999999999,NA,NA,NA,NA,NA,NA,NA,NA,NA,NA,D2
12/15/23 08:00,2023-12-15T13:31:00Z,-2.6142857142857143,-1.5557142857142856,NA,NA,NA,NA,NA,NA,NA,NA,NA,NA,D2
12/15/23 09:00,2023-12-15T14:31:00Z,-2.15,-1.0787499999999999,NA,NA,NA,NA,NA,NA,NA,NA,NA,NA,D2
12/15/23 10:00,2023-12-15T15:31:00Z,-1.1571428571428573,-0.6442857142857142,NA,NA,NA,NA,NA,NA,NA,NA,NA,NA,D2
12/15/23 11:00,2023-12-15T16:30:00Z,0.3375,0.4675,NA,NA,NA,NA,NA,NA,NA,NA,NA,NA,D2
12/15/23 12:00,2023-12-15T17:30:00Z,0.07142857142857142,1.1071428571428572,NA,NA,NA,NA,NA,NA,NA,NA,NA,NA,D2
12/15/23 13:00,2023-12-15T18:30:00Z,0.85,1.7037499999999999,NA,NA,NA,NA,NA,NA,NA,NA,NA,NA,D2
12/15/23 14:00,2023-12-15T19:30:00Z,1.9714285714285715,2.902857142857143,NA,NA,NA,NA,NA,NA,NA,NA,NA,NA,D2
12/15/23 15:00,2023-12-15T20:30:00Z,3.6125,4.98625,NA,NA,NA,NA,NA,NA,NA,NA,NA,NA,D2
12/15/23 16:00,2023-12-15T21:30:00Z,4.714285714285714,6.92,NA,NA,NA,NA,NA,NA,NA,NA,NA,NA,D2
12/15/23 17:00,2023-12-15T22:30:00Z,5.325,8.6575,NA,NA,NA,NA,NA,NA,NA,NA,NA,NA,D2
12/15/23 18:00,2023-12-15T23:30:00Z,6.757142857142857,10.768571428571429,NA,NA,NA,NA,NA,NA,NA,NA,NA,NA,D2
12/15/23 19:00,2023-12-16T00:30:00Z,5.7,9.7125,NA,NA,NA,NA,NA,NA,NA,NA,NA,NA,D2
12/15/23 20:00,2023-12-16T01:30:00Z,4.428571428571429,8.207142857142857,NA,NA,NA,NA,NA,NA,NA,NA,NA,NA,D2
12/15/23 21:00,2023-12-16T02:30:00Z,3.1125,6.39125,NA,NA,NA,NA,NA,NA,NA,NA,NA,NA,D2
12/15/23 22:00,2023-12-16T03:30:00Z,2.6285714285714286,5.152857142857143,NA,NA,NA,NA,NA,NA,NA,NA,NA,NA,D2
12/15/23 23:00,2023-12-16T04:30:00Z,2.7125,4.55625,NA,NA,NA,NA,NA,NA,NA,NA,NA,NA,D2
12/16/23 00:00,2023-12-16T05:30:00Z,3.2285714285714286,4.474285714285714,NA,NA,NA,NA,NA,NA,NA,NA,NA,NA,D2
12/16/23 01:00,2023-12-16T06:30:00Z,4.0875,4.845,NA,NA,NA,NA,NA,NA,NA,NA,NA,NA,D2
12/16/23 02:00,2023-12-16T07:30:00Z,3.757142857142857,5.138571428571429,NA,NA,NA,NA,NA,NA,NA,NA,NA,NA,D2
12/16/23 03:00,2023-12-16T08:30:00Z,3.9749999999999996,5.29875,NA,NA,NA,NA,NA,NA,NA,NA,NA,NA,D2
12/16/23 04:00,2023-12-16T09:30:00Z,3.9714285714285715,5.465714285714286,NA,NA,NA,NA,NA,NA,NA,NA,NA,NA,D2
12/16/23 05:00,2023-12-16T10:30:00Z,3.4375,5.25125,NA,NA,NA,NA,NA,NA,NA,NA,NA,NA,D2
12/16/23 06:00,2023-12-16T11:30:00Z,3.1142857142857143,5.091428571428572,NA,NA,NA,NA,NA,NA,NA,NA,NA,NA,D2
12/16/23 07:00,2023-12-16T12:30:00Z,2.875,4.7675,NA,NA,NA,NA,NA,NA,NA,NA,NA,NA,D2
12/16/23 08:00,2023-12-16T13:30:00Z,2.342857142857143,4.501428571428572,NA,NA,NA,NA,NA,NA,NA,NA,NA,NA,D2
12/16/23 09:00,2023-12-16T14:30:00Z,1.5625,3.94625,NA,NA,NA,NA,NA,NA,NA,NA,NA,NA,D2
12/16/23 10:00,2023-12-16T15:30:00Z,1.1,3.402857142857143,NA,NA,NA,NA,NA,NA,NA,NA,NA,NA,D2
12/16/23 11:00,2023-12-16T16:30:00Z,0.475,2.8762499999999998,NA,NA,NA,NA,NA,NA,NA,NA,NA,NA,D2
12/16/23 12:00,2023-12-16T17:30:00Z,0.014285714285714287,2.322857142857143,NA,NA,NA,NA,NA,NA,NA,NA,NA,NA,D2
12/16/23 13:00,2023-12-16T18:30:00Z,0.0625,2.1825,NA,NA,NA,NA,NA,NA,NA,NA,NA,NA,D2
12/16/23 14:00,2023-12-16T19:29:25Z,0.2,2.42,NA,NA,NA,NA,NA,NA,NA,NA,NA,NA,D2
12/16/23 15:00,2023-12-16T20:29:00Z,1.2625,3.40875,NA,NA,NA,NA,NA,NA,NA,NA,NA,NA,D2
12/16/23 16:00,2023-12-16T21:29:00Z,3.4,5.482857142857143,NA,NA,NA,NA,NA,NA,NA,NA,NA,NA,D2
12/16/23 17:00,2023-12-16T22:29:00Z,4.7875,8.0325,NA,NA,NA,NA,NA,NA,NA,NA,NA,NA,D2
12/16/23 18:00,2023-12-16T23:29:00Z,4.1571428571428575,8.715714285714286,NA,NA,NA,NA,NA,NA,NA,NA,NA,NA,D2
12/16/23 19:00,2023-12-17T00:29:52Z,4.9,8.36,NA,NA,NA,NA,NA,NA,NA,NA,NA,NA,D2
12/16/23 20:00,2023-12-17T01:30:00Z,3.2857142857142856,7.28,NA,NA,NA,NA,NA,NA,NA,NA,NA,NA,D2
12/16/23 21:00,2023-12-17T02:30:00Z,0.65,4.78125,NA,NA,NA,NA,NA,NA,NA,NA,NA,NA,D2
12/16/23 22:00,2023-12-17T03:29:34Z,-0.07142857142857144,3.0014285714285713,NA,NA,NA,NA,NA,NA,NA,NA,NA,NA,D2
12/16/23 23:00,2023-12-17T04:29:00Z,-0.25,2.0324999999999998,NA,NA,NA,NA,NA,NA,NA,NA,NA,NA,D2
12/17/23 00:00,2023-12-17T05:29:00Z,-0.1285714285714286,1.5542857142857143,NA,NA,NA,NA,NA,NA,NA,NA,NA,NA,D2
12/17/23 01:00,2023-12-17T06:29:00Z,-0.65,1.25875,NA,NA,NA,NA,NA,NA,NA,NA,NA,NA,D2
12/17/23 02:00,2023-12-17T07:29:00Z,-1.3,0.7957142857142857,NA,NA,NA,NA,NA,NA,NA,NA,NA,NA,D2
12/17/23 03:00,2023-12-17T08:29:00Z,-2.15,0.06875,NA,NA,NA,NA,NA,NA,NA,NA,NA,NA,D2
12/17/23 04:00,2023-12-17T09:29:00Z,-2.1285714285714286,-0.30142857142857143,NA,NA,NA,NA,NA,NA,NA,NA,NA,NA,D2
12/17/23 05:00,2023-12-17T10:28:22Z,-1.9,-0.2125,NA,NA,NA,NA,NA,NA,NA,NA,NA,NA,D2
12/17/23 06:00,2023-12-17T11:28:00Z,-1.9,-0.11,NA,NA,NA,NA,NA,NA,NA,NA,NA,NA,D2
12/17/23 07:00,2023-12-17T12:28:00Z,-2.0375,-0.10125,NA,NA,NA,NA,NA,NA,NA,NA,NA,NA,D2
12/17/23 08:00,2023-12-17T13:28:00Z,-2.357142857142857,-0.33,NA,NA,NA,NA,NA,NA,NA,NA,NA,NA,D2
12/17/23 09:00,2023-12-17T14:28:00Z,-2.0125,-0.2425,NA,NA,NA,NA,NA,NA,NA,NA,NA,NA,D2
12/17/23 10:00,2023-12-17T15:31:45Z,-1.85,-0.12625,NA,NA,NA,NA,NA,NA,NA,NA,NA,NA,D2
12/17/23 11:00,2023-12-17T16:31:00Z,-1.5857142857142859,0.04428571428571428,NA,NA,NA,NA,NA,NA,NA,NA,NA,NA,D2
12/17/23 12:00,2023-12-17T17:31:00Z,-1.55,0.1975,NA,NA,NA,NA,NA,NA,NA,NA,NA,NA,D2
12/17/23 13:00,2023-12-17T18:31:00Z,-1.3285714285714285,0.3842857142857143,NA,NA,NA,NA,NA,NA,NA,NA,NA,NA,D2
12/17/23 14:00,2023-12-17T19:31:00Z,-1.1125,0.6725,NA,NA,NA,NA,NA,NA,NA,NA,NA,NA,D2
12/17/23 15:00,2023-12-17T20:31:00Z,-0.9857142857142858,0.9042857142857142,NA,NA,NA,NA,NA,NA,NA,NA,NA,NA,D2
12/17/23 16:00,2023-12-17T21:31:00Z,-0.45,1.3525,NA,NA,NA,NA,NA,NA,NA,NA,NA,NA,D2
12/17/23 17:00,2023-12-17T22:30:00Z,-0.014285714285714287,1.8499999999999999,NA,NA,NA,NA,NA,NA,NA,NA,NA,NA,D2
12/17/23 18:00,2023-12-17T23:30:00Z,-0.025,2.0075,NA,NA,NA,NA,NA,NA,NA,NA,NA,NA,D2
12/17/23 19:00,2023-12-18T00:30:00Z,0.34285714285714286,2.0985714285714288,NA,NA,NA,NA,NA,NA,NA,NA,NA,NA,D2
12/17/23 20:00,2023-12-18T01:30:00Z,1.0125,2.44625,NA,NA,NA,NA,NA,NA,NA,NA,NA,NA,D2
12/17/23 21:00,2023-12-18T02:30:00Z,1.3428571428571427,2.7785714285714285,NA,NA,NA,NA,NA,NA,NA,NA,NA,NA,D2
12/17/23 22:00,2023-12-18T03:30:00Z,1.675,3.11,NA,NA,NA,NA,NA,NA,NA,NA,NA,NA,D2
12/17/23 23:00,2023-12-18T04:30:00Z,2.1285714285714286,3.5014285714285713,NA,NA,NA,NA,NA,NA,NA,NA,NA,NA,D2
12/18/23 00:00,2023-12-18T05:30:00Z,2.625,3.95375,NA,NA,NA,NA,NA,NA,NA,NA,NA,NA,D2
12/18/23 01:00,2023-12-18T06:30:00Z,2.742857142857143,4.242857142857143,NA,NA,NA,NA,NA,NA,NA,NA,NA,NA,D2
12/18/23 02:00,2023-12-18T07:30:00Z,3.4125,4.6575,NA,NA,NA,NA,NA,NA,NA,NA,NA,NA,D2
12/18/23 03:00,2023-12-18T08:30:00Z,4.042857142857143,5.152857142857143,NA,NA,NA,NA,NA,NA,NA,NA,NA,NA,D2
12/18/23 04:00,2023-12-18T09:30:00Z,4.6625000000000005,5.745,NA,NA,NA,NA,NA,NA,NA,NA,NA,NA,D2
12/18/23 05:00,2023-12-18T10:30:00Z,4.9714285714285715,6.178571428571428,NA,NA,NA,NA,NA,NA,NA,NA,NA,NA,D2
12/18/23 06:00,2023-12-18T11:30:00Z,5.4125,6.61,NA,NA,NA,NA,NA,NA,NA,NA,NA,NA,D2
12/18/23 07:00,2023-12-18T12:30:00Z,6.571428571428571,7.321428571428571,NA,NA,NA,NA,NA,NA,NA,NA,NA,NA,D2
12/18/23 08:00,2023-12-18T13:30:00Z,7.925,8.35125,NA,NA,NA,NA,NA,NA,NA,NA,NA,NA,D2
12/18/23 09:00,2023-12-18T14:30:00Z,8.242857142857142,9.161428571428571,NA,NA,NA,NA,NA,NA,NA,NA,NA,NA,D2
12/18/23 10:00,2023-12-18T15:30:00Z,8.5375,9.6575,NA,NA,NA,NA,NA,NA,NA,NA,NA,NA,D2
12/18/23 11:00,2023-12-18T16:30:00Z,8.771428571428572,10.1,NA,NA,NA,NA,NA,NA,NA,NA,NA,NA,D2
12/18/23 12:00,2023-12-18T17:30:00Z,9.125,10.45375,NA,NA,NA,NA,NA,NA,NA,NA,NA,NA,D2
12/18/23 13:00,2023-12-18T18:30:00Z,9.5,10.858571428571429,NA,NA,NA,NA,NA,NA,NA,NA,NA,NA,D2
12/18/23 14:00,2023-12-18T19:30:00Z,9.7,11.14125,NA,NA,NA,NA,NA,NA,NA,NA,NA,NA,D2
12/18/23 15:00,2023-12-18T20:30:51Z,10.128571428571428,11.52,NA,NA,NA,NA,NA,NA,NA,NA,NA,NA,D2
12/18/23 16:00,2023-12-18T21:31:00Z,10.5875,11.92375,NA,NA,NA,NA,NA,NA,NA,NA,NA,NA,D2
12/18/23 17:00,2023-12-18T22:31:00Z,10.771428571428572,12.26,NA,NA,NA,NA,NA,NA,NA,NA,NA,NA,D2
12/18/23 18:00,2023-12-18T23:31:00Z,11.3375,12.67375,NA,NA,NA,NA,NA,NA,NA,NA,NA,NA,D2
12/18/23 19:00,2023-12-19T00:31:00Z,11.628571428571428,13.064285714285715,NA,NA,NA,NA,NA,NA,NA,NA,NA,NA,D2
12/18/23 20:00,2023-12-19T01:27:25Z,11.271428571428572,13.118571428571428,NA,NA,NA,NA,NA,NA,NA,NA,NA,NA,D2
12/18/23 21:00,2023-12-19T02:28:00Z,10.475,12.665,NA,NA,NA,NA,NA,NA,NA,NA,NA,NA,D2
12/18/23 22:00,2023-12-19T03:28:00Z,7.271428571428571,11.125714285714286,NA,NA,NA,NA,NA,NA,NA,NA,NA,NA,D2
12/18/23 23:00,2023-12-19T04:28:00Z,5.525,9.0625,NA,NA,NA,NA,NA,NA,NA,NA,NA,NA,D2
12/19/23 00:00,2023-12-19T05:28:00Z,4.385714285714286,7.6242857142857146,NA,NA,NA,NA,NA,NA,NA,NA,NA,NA,D2
12/19/23 01:00,2023-12-19T06:28:00Z,3.6625,6.4475,NA,NA,NA,NA,NA,NA,NA,NA,NA,NA,D2
12/19/23 02:00,2023-12-19T07:28:00Z,3.642857142857143,5.884285714285714,NA,NA,NA,NA,NA,NA,NA,NA,NA,NA,D2
12/19/23 03:00,2023-12-19T08:28:00Z,3.2,5.47,NA,NA,NA,NA,NA,NA,NA,NA,NA,NA,D2
12/19/23 04:00,2023-12-19T09:28:00Z,2.8714285714285714,5.045714285714285,NA,NA,NA,NA,NA,NA,NA,NA,NA,NA,D2
12/19/23 05:00,2023-12-19T10:28:00Z,2.1375,4.41625,NA,NA,NA,NA,NA,NA,NA,NA,NA,NA,D2
12/19/23 06:00,2023-12-19T11:28:00Z,2.085714285714286,4.09,NA,NA,NA,NA,NA,NA,NA,NA,NA,NA,D2
12/19/23 07:00,2023-12-19T12:28:00Z,1.6875,3.86,NA,NA,NA,NA,NA,NA,NA,NA,NA,NA,D2
12/19/23 08:00,2023-12-19T13:31:22Z,0.6375,3.17375,NA,NA,NA,NA,NA,NA,NA,NA,NA,NA,D2
12/19/23 09:00,2023-12-19T14:31:00Z,-0.42857142857142855,2.18,NA,NA,NA,NA,NA,NA,NA,NA,NA,NA,D2
12/19/23 10:00,2023-12-19T15:31:00Z,-0.125,1.81,NA,NA,NA,NA,NA,NA,NA,NA,NA,NA,D2
12/19/23 11:00,2023-12-19T16:31:00Z,-0.6,1.4828571428571429,NA,NA,NA,NA,NA,NA,NA,NA,NA,NA,D2
12/19/23 12:00,2023-12-19T17:31:00Z,-0.95,1.03875,NA,NA,NA,NA,NA,NA,NA,NA,NA,NA,D2
12/19/23 13:00,2023-12-19T18:31:00Z,-1.0857142857142856,0.93,NA,NA,NA,NA,NA,NA,NA,NA,NA,NA,D2
12/19/23 14:00,2023-12-19T19:30:52Z,-0.2875,1.30625,NA,NA,NA,NA,NA,NA,NA,NA,NA,NA,D2
12/19/23 15:00,2023-12-19T20:30:00Z,0.6,2.065714285714286,NA,NA,NA,NA,NA,NA,NA,NA,NA,NA,D2
12/19/23 16:00,2023-12-19T21:30:00Z,1.4375,3.27875,NA,NA,NA,NA,NA,NA,NA,NA,NA,NA,D2
12/19/23 17:00,2023-12-19T22:30:00Z,1.7,4.537142857142857,NA,NA,NA,NA,NA,NA,NA,NA,NA,NA,D2
12/19/23 18:00,2023-12-19T23:30:00Z,0.6875,4.04125,NA,NA,NA,NA,NA,NA,NA,NA,NA,NA,D2
12/19/23 19:00,2023-12-20T00:30:00Z,0.2857142857142857,3.3314285714285714,NA,NA,NA,NA,NA,NA,NA,NA,NA,NA,D2
12/19/23 20:00,2023-12-20T01:30:00Z,-1.35,2.1425,NA,NA,NA,NA,NA,NA,NA,NA,NA,NA,D2
12/19/23 21:00,2023-12-20T02:30:00Z,-2.685714285714286,0.7685714285714286,NA,NA,NA,NA,NA,NA,NA,NA,NA,NA,D2
12/19/23 22:00,2023-12-20T03:30:00Z,-3.6625,-0.43875,NA,NA,NA,NA,NA,NA,NA,NA,NA,NA,D2
12/19/23 23:00,2023-12-20T04:29:51Z,-4.557142857142857,-1.4557142857142857,NA,NA,NA,NA,NA,NA,NA,NA,NA,NA,D2
12/20/23 00:00,2023-12-20T05:29:00Z,-4.8875,-2.17375,NA,NA,NA,NA,NA,NA,NA,NA,NA,NA,D2
12/20/23 01:00,2023-12-20T06:29:00Z,-5.485714285714286,-2.7328571428571427,NA,NA,NA,NA,NA,NA,NA,NA,NA,NA,D2
12/20/23 02:00,2023-12-20T07:29:00Z,-5.9625,-3.2975,NA,NA,NA,NA,NA,NA,NA,NA,NA,NA,D2
12/20/23 03:00,2023-12-20T08:28:51Z,-6.714285714285714,-3.957142857142857,NA,NA,NA,NA,NA,NA,NA,NA,NA,NA,D2
12/20/23 04:00,2023-12-20T09:28:00Z,-7.1875,-4.5725,NA,NA,NA,NA,NA,NA,NA,NA,NA,NA,D2
12/20/23 05:00,2023-12-20T10:28:00Z,-7.4714285714285715,-4.984285714285714,NA,NA,NA,NA,NA,NA,NA,NA,NA,NA,D2
12/20/23 06:00,2023-12-20T11:28:00Z,-7.6625,-5.2825,NA,NA,NA,NA,NA,NA,NA,NA,NA,NA,D2
12/20/23 07:00,2023-12-20T12:31:00Z,-7.875,-5.47875,NA,NA,NA,NA,NA,NA,NA,NA,NA,NA,D2
12/20/23 08:00,2023-12-20T13:31:00Z,-8.157142857142857,-5.841428571428572,NA,NA,NA,NA,NA,NA,NA,NA,NA,NA,D2
12/20/23 09:00,2023-12-20T14:31:00Z,-8.1625,-5.970000000000001,NA,NA,NA,NA,NA,NA,NA,NA,NA,NA,D2
12/20/23 10:00,2023-12-20T15:30:00Z,-8.271428571428572,-6.162857142857143,NA,NA,NA,NA,NA,NA,NA,NA,NA,NA,D2
12/20/23 11:00,2023-12-20T16:30:00Z,-7.5375,-5.915,NA,NA,NA,NA,NA,NA,NA,NA,NA,NA,D2
12/20/23 12:00,2023-12-20T17:30:00Z,-6.9714285714285715,-5.492857142857143,NA,NA,NA,NA,NA,NA,NA,NA,NA,NA,D2
12/20/23 13:00,2023-12-20T18:29:07Z,-6.225,-4.86,NA,NA,NA,NA,NA,NA,NA,NA,NA,NA,D2
12/20/23 14:00,2023-12-20T19:29:00Z,-5.442857142857143,-4.011428571428572,NA,NA,NA,NA,NA,NA,NA,NA,NA,NA,D2
12/20/23 15:00,2023-12-20T20:29:00Z,-4.1625,-2.6175,NA,NA,NA,NA,NA,NA,NA,NA,NA,NA,D2
12/20/23 16:00,2023-12-20T21:29:00Z,-2.3857142857142857,-0.45571428571428574,NA,NA,NA,NA,NA,NA,NA,NA,NA,NA,D2
12/20/23 17:00,2023-12-20T22:28:07Z,-2.3375,1.1025,NA,NA,NA,NA,NA,NA,NA,NA,NA,NA,D2
12/20/23 18:00,2023-12-20T23:28:00Z,-1.3142857142857143,2.0014285714285713,NA,NA,NA,NA,NA,NA,NA,NA,NA,NA,D2
12/20/23 19:00,2023-12-21T00:28:00Z,-1.9,1.4525000000000001,NA,NA,NA,NA,NA,NA,NA,NA,NA,NA,D2
12/20/23 20:00,2023-12-21T01:28:00Z,-2.6142857142857143,0.7428571428571429,NA,NA,NA,NA,NA,NA,NA,NA,NA,NA,D2
12/20/23 21:00,2023-12-21T02:28:00Z,-3.6125,-0.47625,NA,NA,NA,NA,NA,NA,NA,NA,NA,NA,D2
12/20/23 22:00,2023-12-21T03:28:00Z,-3.8,-1.2514285714285713,NA,NA,NA,NA,NA,NA,NA,NA,NA,NA,D2
12/20/23 23:00,2023-12-21T04:27:22Z,-3.925,-1.61125,NA,NA,NA,NA,NA,NA,NA,NA,NA,NA,D2
12/21/23 00:00,2023-12-21T05:31:00Z,-3.9125,-1.75,NA,NA,NA,NA,NA,NA,NA,NA,NA,NA,D2
12/21/23 01:00,2023-12-21T06:31:00Z,-4.014285714285714,-1.8785714285714286,NA,NA,NA,NA,NA,NA,NA,NA,NA,NA,D2
12/21/23 02:00,2023-12-21T07:31:00Z,-4.2625,-1.9925,NA,NA,NA,NA,NA,NA,NA,NA,NA,NA,D2
12/21/23 03:00,2023-12-21T08:30:42Z,-4.657142857142857,-2.244285714285714,NA,NA,NA,NA,NA,NA,NA,NA,NA,NA,D2
12/21/23 04:00,2023-12-21T09:30:00Z,-5.125,-2.665,NA,NA,NA,NA,NA,NA,NA,NA,NA,NA,D2
12/21/23 05:00,2023-12-21T10:30:00Z,-5.728571428571429,-3.162857142857143,NA,NA,NA,NA,NA,NA,NA,NA,NA,NA,D2
12/21/23 06:00,2023-12-21T11:30:00Z,-6.35,-3.68125,NA,NA,NA,NA,NA,NA,NA,NA,NA,NA,D2
12/21/23 07:00,2023-12-21T12:29:34Z,-6.7,-4.17,NA,NA,NA,NA,NA,NA,NA,NA,NA,NA,D2
12/21/23 08:00,2023-12-21T13:29:00Z,-7.0125,-4.5025,NA,NA,NA,NA,NA,NA,NA,NA,NA,NA,D2
12/21/23 09:00,2023-12-21T14:29:00Z,-7.628571428571429,-5.01,NA,NA,NA,NA,NA,NA,NA,NA,NA,NA,D2
12/21/23 10:00,2023-12-21T15:28:45Z,-8.625,-5.75125,NA,NA,NA,NA,NA,NA,NA,NA,NA,NA,D2
12/21/23 11:00,2023-12-21T16:28:00Z,-9.914285714285715,-6.724285714285714,NA,NA,NA,NA,NA,NA,NA,NA,NA,NA,D2
12/21/23 12:00,2023-12-21T17:28:00Z,-10.8875,-7.74375,NA,NA,NA,NA,NA,NA,NA,NA,NA,NA,D2
12/21/23 13:00,2023-12-21T18:31:22Z,-11.5625,-8.54,NA,NA,NA,NA,NA,NA,NA,NA,NA,NA,D2
12/21/23 14:00,2023-12-21T19:31:00Z,-11.371428571428572,-8.687142857142858,NA,NA,NA,NA,NA,NA,NA,NA,NA,NA,D2
12/21/23 15:00,2023-12-21T20:30:52Z,-10.4625,-7.855,NA,NA,NA,NA,NA,NA,NA,NA,NA,NA,D2
12/21/23 16:00,2023-12-21T21:30:00Z,-9.314285714285713,-6.555714285714286,NA,NA,NA,NA,NA,NA,NA,NA,NA,NA,D2
12/21/23 17:00,2023-12-21T22:30:00Z,-7.9625,-4.82875,NA,NA,NA,NA,NA,NA,NA,NA,NA,NA,D2
12/21/23 18:00,2023-12-21T23:30:00Z,-7.285714285714286,-3.8685714285714288,NA,NA,NA,NA,NA,NA,NA,NA,NA,NA,D2
12/21/23 19:00,2023-12-22T00:29:07Z,-7.3625,-4.13375,NA,NA,NA,NA,NA,NA,NA,NA,NA,NA,D2
12/21/23 20:00,2023-12-22T01:29:00Z,-8.471428571428572,-4.921428571428572,NA,NA,NA,NA,NA,NA,NA,NA,NA,NA,D2
12/21/23 21:00,2023-12-22T02:29:00Z,-9.9875,-6.328749999999999,NA,NA,NA,NA,NA,NA,NA,NA,NA,NA,D2
12/21/23 22:00,2023-12-22T03:28:08Z,-10.557142857142857,-7.501428571428571,NA,NA,NA,NA,NA,NA,NA,NA,NA,NA,D2
12/21/23 23:00,2023-12-22T04:28:00Z,-11.0125,-8.22875,NA,NA,NA,NA,NA,NA,NA,NA,NA,NA,D2
12/22/23 00:00,2023-12-22T05:31:37Z,-11.45,-8.845,NA,NA,NA,NA,NA,NA,NA,NA,NA,NA,D2
12/22/23 01:00,2023-12-22T06:31:00Z,-11.742857142857144,-9.278571428571428,NA,NA,NA,NA,NA,NA,NA,NA,NA,NA,D2
12/22/23 02:00,2023-12-22T07:30:52Z,-12.0375,-9.58,NA,NA,NA,NA,NA,NA,NA,NA,NA,NA,D2
12/22/23 03:00,2023-12-22T08:30:00Z,-12.1,-9.785714285714286,NA,NA,NA,NA,NA,NA,NA,NA,NA,NA,D2
12/22/23 04:00,2023-12-22T09:30:00Z,-11.775,-9.805,NA,NA,NA,NA,NA,NA,NA,NA,NA,NA,D2
12/22/23 05:00,2023-12-22T10:29:17Z,-11.957142857142857,-9.821428571428571,NA,NA,NA,NA,NA,NA,NA,NA,NA,NA,D2
12/22/23 06:00,2023-12-22T11:29:00Z,-12.1875,-9.9625,NA,NA,NA,NA,NA,NA,NA,NA,NA,NA,D2
12/22/23 07:00,2023-12-22T12:28:34Z,-12.114285714285714,-10.110000000000001,NA,NA,NA,NA,NA,NA,NA,NA,NA,NA,D2
12/22/23 08:00,2023-12-22T13:28:00Z,-11.6875,-9.955,NA,NA,NA,NA,NA,NA,NA,NA,NA,NA,D2
12/22/23 09:00,2023-12-22T14:31:45Z,-11.45,-9.7425,NA,NA,NA,NA,NA,NA,NA,NA,NA,NA,D2
12/22/23 10:00,2023-12-22T15:31:00Z,-11.128571428571428,-9.528571428571428,NA,NA,NA,NA,NA,NA,NA,NA,NA,NA,D2
12/22/23 11:00,2023-12-22T16:31:00Z,-10.925,-9.28125,NA,NA,NA,NA,NA,NA,NA,NA,NA,NA,D2
12/22/23 12:00,2023-12-22T17:30:00Z,-10.757142857142858,-9.061428571428571,NA,NA,NA,NA,NA,NA,NA,NA,NA,NA,D2
12/22/23 13:00,2023-12-22T18:30:00Z,-9.9125,-8.65,NA,NA,NA,NA,NA,NA,NA,NA,NA,NA,D2
12/22/23 14:00,2023-12-22T19:29:25Z,-8.428571428571429,-7.4557142857142855,NA,NA,NA,NA,NA,NA,NA,NA,NA,NA,D2
12/22/23 15:00,2023-12-22T20:29:00Z,-6.2125,-5.05375,NA,NA,NA,NA,NA,NA,NA,NA,NA,NA,D2
12/22/23 16:00,2023-12-22T21:29:00Z,-3.6999999999999997,-2.0185714285714287,NA,NA,NA,NA,NA,NA,NA,NA,NA,NA,D2
12/22/23 17:00,2023-12-22T22:29:00Z,-2.1875,0.94625,NA,NA,NA,NA,NA,NA,NA,NA,NA,NA,D2
12/22/23 18:00,2023-12-22T23:29:00Z,-1.3571428571428572,2.6985714285714284,NA,NA,NA,NA,NA,NA,NA,NA,NA,NA,D2
12/22/23 19:00,2023-12-23T00:28:15Z,-1.95,2.16625,NA,NA,NA,NA,NA,NA,NA,NA,NA,NA,D2
12/22/23 20:00,2023-12-23T01:28:00Z,-3.2142857142857144,1.0999999999999999,NA,NA,NA,NA,NA,NA,NA,NA,NA,NA,D2
12/22/23 21:00,2023-12-23T02:28:00Z,-5,-0.82875,NA,NA,NA,NA,NA,NA,NA,NA,NA,NA,D2
12/22/23 22:00,2023-12-23T03:28:00Z,-6.142857142857143,-2.6785714285714284,NA,NA,NA,NA,NA,NA,NA,NA,NA,NA,D2
12/22/23 23:00,2023-12-23T04:28:00Z,-6.775,-3.91625,NA,NA,NA,NA,NA,NA,NA,NA,NA,NA,D2
12/23/23 00:00,2023-12-23T05:31:07Z,-7.3125,-4.82875,NA,NA,NA,NA,NA,NA,NA,NA,NA,NA,D2
12/23/23 01:00,2023-12-23T06:31:00Z,-7.685714285714286,-5.465714285714285,NA,NA,NA,NA,NA,NA,NA,NA,NA,NA,D2
12/23/23 02:00,2023-12-23T07:31:00Z,-7.675,-5.765,NA,NA,NA,NA,NA,NA,NA,NA,NA,NA,D2
12/23/23 03:00,2023-12-23T08:30:08Z,-7.614285714285714,-5.87,NA,NA,NA,NA,NA,NA,NA,NA,NA,NA,D2
12/23/23 04:00,2023-12-23T09:30:00Z,-7.7625,-5.955,NA,NA,NA,NA,NA,NA,NA,NA,NA,NA,D2
12/23/23 05:00,2023-12-23T10:30:00Z,-7.757142857142857,-6.042857142857143,NA,NA,NA,NA,NA,NA,NA,NA,NA,NA,D2
12/23/23 06:00,2023-12-23T11:29:07Z,-7.9,-6.1425,NA,NA,NA,NA,NA,NA,NA,NA,NA,NA,D2
12/23/23 07:00,2023-12-23T12:29:00Z,-7.885714285714286,-6.19,NA,NA,NA,NA,NA,NA,NA,NA,NA,NA,D2
12/23/23 08:00,2023-12-23T13:29:00Z,-7.8875,-6.197500000000001,NA,NA,NA,NA,NA,NA,NA,NA,NA,NA,D2
12/23/23 09:00,2023-12-23T14:28:00Z,-7.814285714285714,-6.138571428571429,NA,NA,NA,NA,NA,NA,NA,NA,NA,NA,D2
12/23/23 10:00,2023-12-23T15:28:00Z,-7.725,-6.15125,NA,NA,NA,NA,NA,NA,NA,NA,NA,NA,D2
12/23/23 11:00,2023-12-23T16:31:45Z,-7.325,-5.9075,NA,NA,NA,NA,NA,NA,NA,NA,NA,NA,D2
12/23/23 12:00,2023-12-23T17:31:00Z,-6.7,-5.421428571428572,NA,NA,NA,NA,NA,NA,NA,NA,NA,NA,D2
12/23/23 13:00,2023-12-23T18:31:00Z,-5.85,-4.64125,NA,NA,NA,NA,NA,NA,NA,NA,NA,NA,D2
12/23/23 14:00,2023-12-23T19:31:00Z,-5.271428571428571,-3.8057142857142856,NA,NA,NA,NA,NA,NA,NA,NA,NA,NA,D2
12/23/23 15:00,2023-12-23T20:30:00Z,-4.4625,-2.82875,NA,NA,NA,NA,NA,NA,NA,NA,NA,NA,D2
12/23/23 16:00,2023-12-23T21:30:00Z,-4.057142857142857,-1.8671428571428572,NA,NA,NA,NA,NA,NA,NA,NA,NA,NA,D2
12/23/23 17:00,2023-12-23T22:30:00Z,-3.3125,-1.025,NA,NA,NA,NA,NA,NA,NA,NA,NA,NA,D2
12/23/23 18:00,2023-12-23T23:30:00Z,-3.0142857142857142,-0.31285714285714283,NA,NA,NA,NA,NA,NA,NA,NA,NA,NA,D2
12/23/23 19:00,2023-12-24T00:29:37Z,-2.5,0.25125,NA,NA,NA,NA,NA,NA,NA,NA,NA,NA,D2
12/23/23 20:00,2023-12-24T01:29:00Z,-3.5,-0.27714285714285714,NA,NA,NA,NA,NA,NA,NA,NA,NA,NA,D2
12/23/23 21:00,2023-12-24T02:29:00Z,-3.8125,-0.93875,NA,NA,NA,NA,NA,NA,NA,NA,NA,NA,D2
12/23/23 22:00,2023-12-24T03:29:00Z,-3.8714285714285714,-1.3499999999999999,NA,NA,NA,NA,NA,NA,NA,NA,NA,NA,D2
12/23/23 23:00,2023-12-24T04:29:00Z,-3.8375,-1.5787499999999999,NA,NA,NA,NA,NA,NA,NA,NA,NA,NA,D2
12/24/23 00:00,2023-12-24T05:28:34Z,-3.6285714285714286,-1.6642857142857141,NA,NA,NA,NA,NA,NA,NA,NA,NA,NA,D2
12/24/23 01:00,2023-12-24T06:28:00Z,-3.5,-1.5375,NA,NA,NA,NA,NA,NA,NA,NA,NA,NA,D2
12/24/23 02:00,2023-12-24T07:28:00Z,-3.9,-1.627142857142857,NA,NA,NA,NA,NA,NA,NA,NA,NA,NA,D2
12/24/23 03:00,2023-12-24T08:28:00Z,-4.1875,-1.80625,NA,NA,NA,NA,NA,NA,NA,NA,NA,NA,D2
12/24/23 04:00,2023-12-24T09:31:52Z,-4.1,-2.0075,NA,NA,NA,NA,NA,NA,NA,NA,NA,NA,D2
12/24/23 05:00,2023-12-24T10:31:00Z,-3.8714285714285714,-1.897142857142857,NA,NA,NA,NA,NA,NA,NA,NA,NA,NA,D2
12/24/23 06:00,2023-12-24T11:31:00Z,-3.75,-1.885,NA,NA,NA,NA,NA,NA,NA,NA,NA,NA,D2
12/24/23 07:00,2023-12-24T12:31:00Z,-3.3142857142857145,-1.697142857142857,NA,NA,NA,NA,NA,NA,NA,NA,NA,NA,D2
12/24/23 08:00,2023-12-24T13:31:00Z,-2.5375,-1.2825,NA,NA,NA,NA,NA,NA,NA,NA,NA,NA,D2
12/24/23 09:00,2023-12-24T14:30:34Z,-2.3714285714285714,-0.9642857142857143,NA,NA,NA,NA,NA,NA,NA,NA,NA,NA,D2
12/24/23 10:00,2023-12-24T15:30:00Z,-1.9625,-0.54875,NA,NA,NA,NA,NA,NA,NA,NA,NA,NA,D2
12/24/23 11:00,2023-12-24T16:30:00Z,-1.9428571428571428,-0.30428571428571427,NA,NA,NA,NA,NA,NA,NA,NA,NA,NA,D2
12/24/23 12:00,2023-12-24T17:30:00Z,-1.8125,-0.1575,NA,NA,NA,NA,NA,NA,NA,NA,NA,NA,D2
12/24/23 13:00,2023-12-24T18:30:00Z,-1.042857142857143,0.3485714285714286,NA,NA,NA,NA,NA,NA,NA,NA,NA,NA,D2
12/24/23 14:00,2023-12-24T19:30:00Z,-0.6125,1.125,NA,NA,NA,NA,NA,NA,NA,NA,NA,NA,D2
12/24/23 15:00,2023-12-24T20:29:34Z,-0.45714285714285713,1.52,NA,NA,NA,NA,NA,NA,NA,NA,NA,NA,D2
12/24/23 16:00,2023-12-24T21:29:00Z,-0.1125,1.90625,NA,NA,NA,NA,NA,NA,NA,NA,NA,NA,D2
12/24/23 17:00,2023-12-24T22:29:00Z,0.09999999999999999,2.43,NA,NA,NA,NA,NA,NA,NA,NA,NA,NA,D2
12/24/23 18:00,2023-12-24T23:29:00Z,-0.05,2.55375,NA,NA,NA,NA,NA,NA,NA,NA,NA,NA,D2
12/24/23 19:00,2023-12-25T00:29:00Z,-0.17142857142857143,2.4828571428571427,NA,NA,NA,NA,NA,NA,NA,NA,NA,NA,D2
12/24/23 20:00,2023-12-25T01:29:00Z,-0.675,2.07125,NA,NA,NA,NA,NA,NA,NA,NA,NA,NA,D2
12/24/23 21:00,2023-12-25T02:29:00Z,-0.8285714285714285,1.5457142857142856,NA,NA,NA,NA,NA,NA,NA,NA,NA,NA,D2
12/24/23 22:00,2023-12-25T03:29:00Z,-0.7124999999999999,1.345,NA,NA,NA,NA,NA,NA,NA,NA,NA,NA,D2
12/24/23 23:00,2023-12-25T04:29:00Z,-0.7142857142857143,1.2328571428571429,NA,NA,NA,NA,NA,NA,NA,NA,NA,NA,D2
12/25/23 00:00,2023-12-25T05:28:07Z,-0.425,1.2725,NA,NA,NA,NA,NA,NA,NA,NA,NA,NA,D2
12/25/23 01:00,2023-12-25T06:28:00Z,-0.34285714285714286,1.3957142857142857,NA,NA,NA,NA,NA,NA,NA,NA,NA,NA,D2
12/25/23 02:00,2023-12-25T07:28:00Z,-0.325,1.455,NA,NA,NA,NA,NA,NA,NA,NA,NA,NA,D2
12/25/23 03:00,2023-12-25T08:28:00Z,-0.2571428571428571,1.5,NA,NA,NA,NA,NA,NA,NA,NA,NA,NA,D2
12/25/23 04:00,2023-12-25T09:28:00Z,-0.15000000000000002,1.57125,NA,NA,NA,NA,NA,NA,NA,NA,NA,NA,D2
12/25/23 05:00,2023-12-25T10:28:00Z,-0.18571428571428572,1.63,NA,NA,NA,NA,NA,NA,NA,NA,NA,NA,D2
12/25/23 06:00,2023-12-25T11:28:00Z,-0.2,1.63,NA,NA,NA,NA,NA,NA,NA,NA,NA,NA,D2
12/25/23 07:00,2023-12-25T12:31:22Z,-0.1125,1.705,NA,NA,NA,NA,NA,NA,NA,NA,NA,NA,D2
12/25/23 08:00,2023-12-25T13:31:00Z,-0.14285714285714288,1.75,NA,NA,NA,NA,NA,NA,NA,NA,NA,NA,D2
12/25/23 09:00,2023-12-25T14:31:00Z,-0.08750000000000001,1.7650000000000001,NA,NA,NA,NA,NA,NA,NA,NA,NA,NA,D2
12/25/23 10:00,2023-12-25T15:31:00Z,0.04285714285714286,1.8485714285714285,NA,NA,NA,NA,NA,NA,NA,NA,NA,NA,D2
12/25/23 11:00,2023-12-25T16:31:00Z,0.3,2.0625,NA,NA,NA,NA,NA,NA,NA,NA,NA,NA,D2
12/25/23 12:00,2023-12-25T17:31:00Z,0.44285714285714284,2.1985714285714284,NA,NA,NA,NA,NA,NA,NA,NA,NA,NA,D2
12/25/23 13:00,2023-12-25T18:31:00Z,0.725,2.43,NA,NA,NA,NA,NA,NA,NA,NA,NA,NA,D2
12/25/23 14:00,2023-12-25T19:31:00Z,1.1,2.7328571428571427,NA,NA,NA,NA,NA,NA,NA,NA,NA,NA,D2
12/25/23 15:00,2023-12-25T20:30:30Z,1.15,3.0012499999999998,NA,NA,NA,NA,NA,NA,NA,NA,NA,NA,D2
12/25/23 16:00,2023-12-25T21:30:00Z,1.4285714285714286,3.2785714285714285,NA,NA,NA,NA,NA,NA,NA,NA,NA,NA,D2
12/25/23 17:00,2023-12-25T22:30:00Z,1.475,3.4625,NA,NA,NA,NA,NA,NA,NA,NA,NA,NA,D2
12/25/23 18:00,2023-12-25T23:30:00Z,1.4142857142857141,3.57,NA,NA,NA,NA,NA,NA,NA,NA,NA,NA,D2
12/25/23 19:00,2023-12-26T00:30:00Z,1.3,3.5300000000000002,NA,NA,NA,NA,NA,NA,NA,NA,NA,NA,D2
12/25/23 20:00,2023-12-26T01:30:00Z,1.2857142857142858,3.564285714285714,NA,NA,NA,NA,NA,NA,NA,NA,NA,NA,D2
12/25/23 21:00,2023-12-26T02:30:00Z,0.85,3.2275,NA,NA,NA,NA,NA,NA,NA,NA,NA,NA,D2
12/25/23 22:00,2023-12-26T03:30:00Z,0.8428571428571429,2.9657142857142857,NA,NA,NA,NA,NA,NA,NA,NA,NA,NA,D2
12/25/23 23:00,2023-12-26T04:30:00Z,1.0125,2.9325,NA,NA,NA,NA,NA,NA,NA,NA,NA,NA,D2
12/26/23 00:00,2023-12-26T05:30:00Z,1.2428571428571429,3.0342857142857143,NA,NA,NA,NA,NA,NA,NA,NA,NA,NA,D2
12/26/23 01:00,2023-12-26T06:30:00Z,1,3.0225,NA,NA,NA,NA,NA,NA,NA,NA,NA,NA,D2
12/26/23 02:00,2023-12-26T07:30:00Z,1.2428571428571429,3.0442857142857145,NA,NA,NA,NA,NA,NA,NA,NA,NA,NA,D2
12/26/23 03:00,2023-12-26T08:29:45Z,1.4125,3.1825,NA,NA,NA,NA,NA,NA,NA,NA,NA,NA,D2
12/26/23 04:00,2023-12-26T09:29:00Z,1.0142857142857142,3.1357142857142857,NA,NA,NA,NA,NA,NA,NA,NA,NA,NA,D2
12/26/23 05:00,2023-12-26T10:29:00Z,1.025,3,NA,NA,NA,NA,NA,NA,NA,NA,NA,NA,D2
12/26/23 06:00,2023-12-26T11:29:00Z,0.7,2.85,NA,NA,NA,NA,NA,NA,NA,NA,NA,NA,D2
12/26/23 07:00,2023-12-26T12:29:00Z,0.35,2.55625,NA,NA,NA,NA,NA,NA,NA,NA,NA,NA,D2
12/26/23 08:00,2023-12-26T13:29:00Z,0.27142857142857146,2.4042857142857144,NA,NA,NA,NA,NA,NA,NA,NA,NA,NA,D2
12/26/23 09:00,2023-12-26T14:29:00Z,-0.3125,2.00875,NA,NA,NA,NA,NA,NA,NA,NA,NA,NA,D2
12/26/23 10:00,2023-12-26T15:29:00Z,-0.15714285714285714,1.8414285714285714,NA,NA,NA,NA,NA,NA,NA,NA,NA,NA,D2
12/26/23 11:00,2023-12-26T16:29:00Z,0.0125,1.7349999999999999,NA,NA,NA,NA,NA,NA,NA,NA,NA,NA,D2
12/26/23 12:00,2023-12-26T17:29:00Z,-0.09999999999999999,1.6557142857142857,NA,NA,NA,NA,NA,NA,NA,NA,NA,NA,D2
12/26/23 13:00,2023-12-26T18:28:37Z,1.675,2.44625,NA,NA,NA,NA,NA,NA,NA,NA,NA,NA,D2
12/26/23 14:00,2023-12-26T19:28:00Z,2.814285714285714,3.7085714285714286,NA,NA,NA,NA,NA,NA,NA,NA,NA,NA,D2
12/26/23 15:00,2023-12-26T20:28:00Z,4.2125,5.30625,NA,NA,NA,NA,NA,NA,NA,NA,NA,NA,D2
12/26/23 16:00,2023-12-26T21:28:00Z,5.957142857142857,7.484285714285715,NA,NA,NA,NA,NA,NA,NA,NA,NA,NA,D2
12/26/23 17:00,2023-12-26T22:28:07Z,6.6125,9.14125,NA,NA,NA,NA,NA,NA,NA,NA,NA,NA,D2
12/26/23 18:00,2023-12-26T23:29:00Z,7.242857142857143,9.751428571428573,NA,NA,NA,NA,NA,NA,NA,NA,NA,NA,D2
12/26/23 19:00,2023-12-27T00:29:00Z,6.3125,9.24375,NA,NA,NA,NA,NA,NA,NA,NA,NA,NA,D2
12/26/23 20:00,2023-12-27T01:29:00Z,6.014285714285714,8.501428571428571,NA,NA,NA,NA,NA,NA,NA,NA,NA,NA,D2
12/26/23 21:00,2023-12-27T02:29:00Z,4.375,7.525,NA,NA,NA,NA,NA,NA,NA,NA,NA,NA,D2
12/26/23 22:00,2023-12-27T03:29:00Z,3.357142857142857,6.142857142857143,NA,NA,NA,NA,NA,NA,NA,NA,NA,NA,D2
12/26/23 23:00,2023-12-27T04:29:00Z,3.9,5.7425,NA,NA,NA,NA,NA,NA,NA,NA,NA,NA,D2
12/27/23 00:00,2023-12-27T05:29:00Z,4.057142857142857,5.792857142857143,NA,NA,NA,NA,NA,NA,NA,NA,NA,NA,D2
12/27/23 01:00,2023-12-27T06:29:00Z,4.1625,5.81875,NA,NA,NA,NA,NA,NA,NA,NA,NA,NA,D2
12/27/23 02:00,2023-12-27T07:29:00Z,4.3428571428571425,5.912857142857143,NA,NA,NA,NA,NA,NA,NA,NA,NA,NA,D2
12/27/23 03:00,2023-12-27T08:29:00Z,4.2,5.9175,NA,NA,NA,NA,NA,NA,NA,NA,NA,NA,D2
12/27/23 04:00,2023-12-27T09:29:00Z,3.8,5.777142857142857,NA,NA,NA,NA,NA,NA,NA,NA,NA,NA,D2
12/27/23 05:00,2023-12-27T10:29:00Z,3.7875,5.645,NA,NA,NA,NA,NA,NA,NA,NA,NA,NA,D2
12/27/23 06:00,2023-12-27T11:29:00Z,3.814285714285714,5.638571428571429,NA,NA,NA,NA,NA,NA,NA,NA,NA,NA,D2
12/27/23 07:00,2023-12-27T12:29:00Z,4.0625,5.72,NA,NA,NA,NA,NA,NA,NA,NA,NA,NA,D2
12/27/23 08:00,2023-12-27T13:29:00Z,4.1,5.8028571428571425,NA,NA,NA,NA,NA,NA,NA,NA,NA,NA,D2
12/27/23 09:00,2023-12-27T14:29:00Z,3.925,5.8125,NA,NA,NA,NA,NA,NA,NA,NA,NA,NA,D2
12/27/23 10:00,2023-12-27T15:29:00Z,3.7285714285714286,5.707142857142857,NA,NA,NA,NA,NA,NA,NA,NA,NA,NA,D2
12/27/23 11:00,2023-12-27T16:29:00Z,3.7125000000000004,5.6375,NA,NA,NA,NA,NA,NA,NA,NA,NA,NA,D2
12/27/23 12:00,2023-12-27T17:29:00Z,3.8,5.569999999999999,NA,NA,NA,NA,NA,NA,NA,NA,NA,NA,D2
12/27/23 13:00,2023-12-27T18:29:00Z,4.2375,5.87625,NA,NA,NA,NA,NA,NA,NA,NA,NA,NA,D2
12/27/23 14:00,2023-12-27T19:29:00Z,4.3,6.062857142857142,NA,NA,NA,NA,NA,NA,NA,NA,NA,NA,D2
12/27/23 15:00,2023-12-27T20:29:00Z,4.55,6.33,NA,NA,NA,NA,NA,NA,NA,NA,NA,NA,D2
12/27/23 16:00,2023-12-27T21:29:00Z,4.8,6.581428571428571,NA,NA,NA,NA,NA,NA,NA,NA,NA,NA,D2
12/27/23 17:00,2023-12-27T22:29:00Z,4.775,6.75,NA,NA,NA,NA,NA,NA,NA,NA,NA,NA,D2
12/27/23 18:00,2023-12-27T23:29:00Z,4.542857142857143,6.6814285714285715,NA,NA,NA,NA,NA,NA,NA,NA,NA,NA,D2
12/27/23 19:00,2023-12-28T00:29:00Z,4.4875,6.60375,NA,NA,NA,NA,NA,NA,NA,NA,NA,NA,D2
12/27/23 20:00,2023-12-28T01:29:00Z,4.314285714285714,6.448571428571428,NA,NA,NA,NA,NA,NA,NA,NA,NA,NA,D2
12/27/23 21:00,2023-12-28T02:29:00Z,4.1875,6.25125,NA,NA,NA,NA,NA,NA,NA,NA,NA,NA,D2
12/27/23 22:00,2023-12-28T03:29:00Z,4.1,6.069999999999999,NA,NA,NA,NA,NA,NA,NA,NA,NA,NA,D2
12/27/23 23:00,2023-12-28T04:29:00Z,4.0375,5.9925,NA,NA,NA,NA,NA,NA,NA,NA,NA,NA,D2
12/28/23 00:00,2023-12-28T05:29:00Z,3.9428571428571426,5.904285714285715,NA,NA,NA,NA,NA,NA,NA,NA,NA,NA,D2
12/28/23 01:00,2023-12-28T06:29:00Z,3.9875,5.8375,NA,NA,NA,NA,NA,NA,NA,NA,NA,NA,D2
12/28/23 02:00,2023-12-28T07:29:00Z,4.0285714285714285,5.859999999999999,NA,NA,NA,NA,NA,NA,NA,NA,NA,NA,D2
12/28/23 03:00,2023-12-28T08:29:00Z,3.925,5.8275,NA,NA,NA,NA,NA,NA,NA,NA,NA,NA,D2
12/28/23 04:00,2023-12-28T09:29:00Z,3.7714285714285714,5.741428571428571,NA,NA,NA,NA,NA,NA,NA,NA,NA,NA,D2
12/28/23 05:00,2023-12-28T10:29:00Z,3.75,5.66625,NA,NA,NA,NA,NA,NA,NA,NA,NA,NA,D2
12/28/23 06:00,2023-12-28T11:29:00Z,3.357142857142857,5.4471428571428575,NA,NA,NA,NA,NA,NA,NA,NA,NA,NA,D2
12/28/23 07:00,2023-12-28T12:29:00Z,2.9375,5.05625,NA,NA,NA,NA,NA,NA,NA,NA,NA,NA,D2
12/28/23 08:00,2023-12-28T13:29:00Z,2.7714285714285714,4.768571428571429,NA,NA,NA,NA,NA,NA,NA,NA,NA,NA,D2
12/28/23 09:00,2023-12-28T14:29:00Z,3.0625,4.7275,NA,NA,NA,NA,NA,NA,NA,NA,NA,NA,D2
12/28/23 10:00,2023-12-28T15:29:00Z,2.857142857142857,4.784285714285714,NA,NA,NA,NA,NA,NA,NA,NA,NA,NA,D2
12/28/23 11:00,2023-12-28T16:29:00Z,2.15,4.453749999999999,NA,NA,NA,NA,NA,NA,NA,NA,NA,NA,D2
12/28/23 12:00,2023-12-28T17:29:00Z,2.2,4.232857142857143,NA,NA,NA,NA,NA,NA,NA,NA,NA,NA,D2
12/28/23 13:00,2023-12-28T18:29:00Z,2.475,4.29,NA,NA,NA,NA,NA,NA,NA,NA,NA,NA,D2
12/28/23 14:00,2023-12-28T19:29:00Z,2.7,4.5285714285714285,NA,NA,NA,NA,NA,NA,NA,NA,NA,NA,D2
12/28/23 15:00,2023-12-28T20:29:00Z,3.575,5.06375,NA,NA,NA,NA,NA,NA,NA,NA,NA,NA,D2
12/28/23 16:00,2023-12-28T21:29:00Z,3.6,5.508571428571428,NA,NA,NA,NA,NA,NA,NA,NA,NA,NA,D2
12/28/23 17:00,2023-12-28T22:29:00Z,3.525,5.56875,NA,NA,NA,NA,NA,NA,NA,NA,NA,NA,D2
12/28/23 18:00,2023-12-28T23:29:00Z,3.657142857142857,5.627142857142857,NA,NA,NA,NA,NA,NA,NA,NA,NA,NA,D2
12/28/23 19:00,2023-12-29T00:29:00Z,4,5.82875,NA,NA,NA,NA,NA,NA,NA,NA,NA,NA,D2
12/28/23 20:00,2023-12-29T01:29:00Z,4.114285714285714,5.991428571428571,NA,NA,NA,NA,NA,NA,NA,NA,NA,NA,D2
12/28/23 21:00,2023-12-29T02:29:00Z,3.825,5.815,NA,NA,NA,NA,NA,NA,NA,NA,NA,NA,D2
12/28/23 22:00,2023-12-29T03:29:00Z,3.6,5.581428571428571,NA,NA,NA,NA,NA,NA,NA,NA,NA,NA,D2
12/28/23 23:00,2023-12-29T04:29:00Z,3.5,5.385,NA,NA,NA,NA,NA,NA,NA,NA,NA,NA,D2
12/29/23 00:00,2023-12-29T05:29:00Z,3.4857142857142858,5.284285714285714,NA,NA,NA,NA,NA,NA,NA,NA,NA,NA,D2
12/29/23 01:00,2023-12-29T06:29:00Z,3.625,5.3125,NA,NA,NA,NA,NA,NA,NA,NA,NA,NA,D2
12/29/23 02:00,2023-12-29T07:29:00Z,3.7285714285714286,5.4314285714285715,NA,NA,NA,NA,NA,NA,NA,NA,NA,NA,D2
12/29/23 03:00,2023-12-29T08:29:00Z,3.6625,5.485,NA,NA,NA,NA,NA,NA,NA,NA,NA,NA,D2
12/29/23 04:00,2023-12-29T09:29:00Z,3.6285714285714286,5.474285714285714,NA,NA,NA,NA,NA,NA,NA,NA,NA,NA,D2
12/29/23 05:00,2023-12-29T10:28:52Z,3.4625,5.4,NA,NA,NA,NA,NA,NA,NA,NA,NA,NA,D2
12/29/23 06:00,2023-12-29T11:28:00Z,2.642857142857143,5.117142857142857,NA,NA,NA,NA,NA,NA,NA,NA,NA,NA,D2
12/29/23 07:00,2023-12-29T12:28:00Z,2.3875,4.7675,NA,NA,NA,NA,NA,NA,NA,NA,NA,NA,D2
12/29/23 08:00,2023-12-29T13:28:00Z,2.3,4.44,NA,NA,NA,NA,NA,NA,NA,NA,NA,NA,D2
12/29/23 09:00,2023-12-29T14:28:00Z,2.4,4.38,NA,NA,NA,NA,NA,NA,NA,NA,NA,NA,D2
12/29/23 10:00,2023-12-29T15:28:00Z,2.2142857142857144,4.258571428571429,NA,NA,NA,NA,NA,NA,NA,NA,NA,NA,D2
12/29/23 11:00,2023-12-29T16:28:00Z,2,4.18125,NA,NA,NA,NA,NA,NA,NA,NA,NA,NA,D2
12/29/23 12:00,2023-12-29T17:28:00Z,1.957142857142857,4.025714285714286,NA,NA,NA,NA,NA,NA,NA,NA,NA,NA,D2
12/29/23 13:00,2023-12-29T18:28:00Z,1.9625,4.047499999999999,NA,NA,NA,NA,NA,NA,NA,NA,NA,NA,D2
12/29/23 14:00,2023-12-29T19:28:00Z,2.1714285714285717,4.224285714285714,NA,NA,NA,NA,NA,NA,NA,NA,NA,NA,D2
12/29/23 15:00,2023-12-29T20:28:00Z,2.425,4.54,NA,NA,NA,NA,NA,NA,NA,NA,NA,NA,D2
12/29/23 16:00,2023-12-29T21:28:00Z,2.642857142857143,4.822857142857143,NA,NA,NA,NA,NA,NA,NA,NA,NA,NA,D2
12/29/23 17:00,2023-12-29T22:28:00Z,2.325,4.797499999999999,NA,NA,NA,NA,NA,NA,NA,NA,NA,NA,D2
12/29/23 18:00,2023-12-29T23:28:00Z,2.3428571428571425,4.775714285714286,NA,NA,NA,NA,NA,NA,NA,NA,NA,NA,D2
12/29/23 19:00,2023-12-30T00:28:00Z,2.6,4.9175,NA,NA,NA,NA,NA,NA,NA,NA,NA,NA,D2
12/29/23 20:00,2023-12-30T01:28:00Z,2.5285714285714285,4.885714285714286,NA,NA,NA,NA,NA,NA,NA,NA,NA,NA,D2
12/29/23 21:00,2023-12-30T02:28:00Z,2.375,4.6025,NA,NA,NA,NA,NA,NA,NA,NA,NA,NA,D2
12/29/23 22:00,2023-12-30T03:28:00Z,2.1142857142857143,4.341428571428572,NA,NA,NA,NA,NA,NA,NA,NA,NA,NA,D2
12/29/23 23:00,2023-12-30T04:28:00Z,1.9375,4.13375,NA,NA,NA,NA,NA,NA,NA,NA,NA,NA,D2
12/30/23 00:00,2023-12-30T05:28:00Z,1.8,3.974285714285714,NA,NA,NA,NA,NA,NA,NA,NA,NA,NA,D2
12/30/23 01:00,2023-12-30T06:28:00Z,1.7375,3.8449999999999998,NA,NA,NA,NA,NA,NA,NA,NA,NA,NA,D2
12/30/23 02:00,2023-12-30T07:28:00Z,1.6428571428571428,3.724285714285714,NA,NA,NA,NA,NA,NA,NA,NA,NA,NA,D2
12/30/23 03:00,2023-12-30T08:28:00Z,1.5625,3.62125,NA,NA,NA,NA,NA,NA,NA,NA,NA,NA,D2
12/30/23 04:00,2023-12-30T09:31:00Z,1.45,3.545,NA,NA,NA,NA,NA,NA,NA,NA,NA,NA,D2
12/30/23 05:00,2023-12-30T10:31:00Z,0.7142857142857143,3.2514285714285713,NA,NA,NA,NA,NA,NA,NA,NA,NA,NA,D2
12/30/23 06:00,2023-12-30T11:31:00Z,0.1625,2.7199999999999998,NA,NA,NA,NA,NA,NA,NA,NA,NA,NA,D2
12/30/23 07:00,2023-12-30T12:31:00Z,-0.3142857142857143,2.1885714285714286,NA,NA,NA,NA,NA,NA,NA,NA,NA,NA,D2
12/30/23 08:00,2023-12-30T13:31:00Z,-0.5625,1.7037499999999999,NA,NA,NA,NA,NA,NA,NA,NA,NA,NA,D2
12/30/23 09:00,2023-12-30T14:31:00Z,-0.5857142857142857,1.4742857142857142,NA,NA,NA,NA,NA,NA,NA,NA,NA,NA,D2
12/30/23 10:00,2023-12-30T15:31:00Z,-0.625,1.3287499999999999,NA,NA,NA,NA,NA,NA,NA,NA,NA,NA,D2
12/30/23 11:00,2023-12-30T16:31:00Z,-0.7571428571428571,1.19,NA,NA,NA,NA,NA,NA,NA,NA,NA,NA,D2
12/30/23 12:00,2023-12-30T17:31:00Z,-0.9750000000000001,1.10375,NA,NA,NA,NA,NA,NA,NA,NA,NA,NA,D2
12/30/23 13:00,2023-12-30T18:30:08Z,-1.2571428571428571,0.9828571428571429,NA,NA,NA,NA,NA,NA,NA,NA,NA,NA,D2
12/30/23 14:00,2023-12-30T19:30:00Z,-1.4625,0.8775,NA,NA,NA,NA,NA,NA,NA,NA,NA,NA,D2
12/30/23 15:00,2023-12-30T20:30:00Z,-1.5285714285714287,0.81,NA,NA,NA,NA,NA,NA,NA,NA,NA,NA,D2
12/30/23 16:00,2023-12-30T21:30:00Z,-1.7,0.81375,NA,NA,NA,NA,NA,NA,NA,NA,NA,NA,D2
12/30/23 17:00,2023-12-30T22:30:00Z,-2.157142857142857,0.5828571428571429,NA,NA,NA,NA,NA,NA,NA,NA,NA,NA,D2
12/30/23 18:00,2023-12-30T23:30:00Z,-2.3875,0.30375,NA,NA,NA,NA,NA,NA,NA,NA,NA,NA,D2
12/30/23 19:00,2023-12-31T00:29:51Z,-2.7714285714285714,-0.04428571428571428,NA,NA,NA,NA,NA,NA,NA,NA,NA,NA,D2
12/30/23 20:00,2023-12-31T01:29:00Z,-3.3,-0.58,NA,NA,NA,NA,NA,NA,NA,NA,NA,NA,D2
12/30/23 21:00,2023-12-31T02:29:00Z,-3.7714285714285714,-1.18,NA,NA,NA,NA,NA,NA,NA,NA,NA,NA,D2
12/30/23 22:00,2023-12-31T03:29:00Z,-4.1,-1.65,NA,NA,NA,NA,NA,NA,NA,NA,NA,NA,D2
12/30/23 23:00,2023-12-31T04:29:00Z,-4.571428571428571,-2.0742857142857143,NA,NA,NA,NA,NA,NA,NA,NA,NA,NA,D2
12/31/23 00:00,2023-12-31T05:28:45Z,-5.0125,-2.54,NA,NA,NA,NA,NA,NA,NA,NA,NA,NA,D2
12/31/23 01:00,2023-12-31T06:28:00Z,-5.214285714285714,-2.8957142857142855,NA,NA,NA,NA,NA,NA,NA,NA,NA,NA,D2
12/31/23 02:00,2023-12-31T07:28:00Z,-5.325,-3.0725,NA,NA,NA,NA,NA,NA,NA,NA,NA,NA,D2
12/31/23 03:00,2023-12-31T08:28:00Z,-5.457142857142857,-3.224285714285714,NA,NA,NA,NA,NA,NA,NA,NA,NA,NA,D2
12/31/23 04:00,2023-12-31T09:27:52Z,-5.725,-3.42375,NA,NA,NA,NA,NA,NA,NA,NA,NA,NA,D2
12/31/23 05:00,2023-12-31T10:31:00Z,-6.1625,-3.74375,NA,NA,NA,NA,NA,NA,NA,NA,NA,NA,D2
12/31/23 06:00,2023-12-31T11:31:00Z,-6.514285714285714,-4.064285714285714,NA,NA,NA,NA,NA,NA,NA,NA,NA,NA,D2
12/31/23 07:00,2023-12-31T12:31:00Z,-6.8625,-4.4,NA,NA,NA,NA,NA,NA,NA,NA,NA,NA,D2
12/31/23 08:00,2023-12-31T13:30:25Z,-7.328571428571428,-4.742857142857143,NA,NA,NA,NA,NA,NA,NA,NA,NA,NA,D2
12/31/23 09:00,2023-12-31T14:30:00Z,-7.6875,-5.11875,NA,NA,NA,NA,NA,NA,NA,NA,NA,NA,D2
12/31/23 10:00,2023-12-31T15:30:00Z,-8.157142857142857,-5.475714285714286,NA,NA,NA,NA,NA,NA,NA,NA,NA,NA,D2
12/31/23 11:00,2023-12-31T16:29:45Z,-8.2125,-5.78125,NA,NA,NA,NA,NA,NA,NA,NA,NA,NA,D2
12/31/23 12:00,2023-12-31T17:29:00Z,-8.357142857142858,-5.922857142857143,NA,NA,NA,NA,NA,NA,NA,NA,NA,NA,D2
12/31/23 13:00,2023-12-31T18:29:00Z,-8.1375,-5.9225,NA,NA,NA,NA,NA,NA,NA,NA,NA,NA,D2
12/31/23 14:00,2023-12-31T19:29:00Z,-8.042857142857143,-5.6814285714285715,NA,NA,NA,NA,NA,NA,NA,NA,NA,NA,D2
12/31/23 15:00,2023-12-31T20:28:00Z,-7.65,-5.4,NA,NA,NA,NA,NA,NA,NA,NA,NA,NA,D2
12/31/23 16:00,2023-12-31T21:28:00Z,-7.3,-4.867142857142857,NA,NA,NA,NA,NA,NA,NA,NA,NA,NA,D2
12/31/23 17:00,2023-12-31T22:28:00Z,-7.3875,-4.720000000000001,NA,NA,NA,NA,NA,NA,NA,NA,NA,NA,D2
12/31/23 18:00,2023-12-31T23:31:15Z,-7.2625,-4.6675,NA,NA,NA,NA,NA,NA,NA,NA,NA,NA,D2
12/31/23 19:00,2024-01-01T00:31:00Z,-7.3,-4.638571428571429,NA,NA,NA,NA,NA,NA,NA,NA,NA,NA,D2
12/31/23 20:00,2024-01-01T01:31:00Z,-7.625,-4.83875,NA,NA,NA,NA,NA,NA,NA,NA,NA,NA,D2
12/31/23 21:00,2024-01-01T02:30:34Z,-8.085714285714285,-5.2785714285714285,NA,NA,NA,NA,NA,NA,NA,NA,NA,NA,D2
12/31/23 22:00,2024-01-01T03:30:00Z,-8.125,-5.63375,NA,NA,NA,NA,NA,NA,NA,NA,NA,NA,D2
12/31/23 23:00,2024-01-01T04:30:00Z,-8.4,-5.902857142857143,NA,NA,NA,NA,NA,NA,NA,NA,NA,NA,D2
NA,NaN,-3.3269351094964175,-1.1337501261479463,-2.013776727996022,-2.074065141720537,-2.0270338140228743,-1.4750497265042268,-0.7229811039283938,-0.2529065141720537,0.12833913475882647,0.5262033814022874,2.0649378418697166,3.8059448035803083,D2
